-- MySQL dump 10.13  Distrib 8.0.42, for Win64 (x86_64)
--
-- Host: 127.0.0.1    Database: littlelemondm
-- ------------------------------------------------------
-- Server version	8.0.42

/*!40101 SET @OLD_CHARACTER_SET_CLIENT=@@CHARACTER_SET_CLIENT */;
/*!40101 SET @OLD_CHARACTER_SET_RESULTS=@@CHARACTER_SET_RESULTS */;
/*!40101 SET @OLD_COLLATION_CONNECTION=@@COLLATION_CONNECTION */;
/*!50503 SET NAMES utf8 */;
/*!40103 SET @OLD_TIME_ZONE=@@TIME_ZONE */;
/*!40103 SET TIME_ZONE='+00:00' */;
/*!40014 SET @OLD_UNIQUE_CHECKS=@@UNIQUE_CHECKS, UNIQUE_CHECKS=0 */;
/*!40014 SET @OLD_FOREIGN_KEY_CHECKS=@@FOREIGN_KEY_CHECKS, FOREIGN_KEY_CHECKS=0 */;
/*!40101 SET @OLD_SQL_MODE=@@SQL_MODE, SQL_MODE='NO_AUTO_VALUE_ON_ZERO' */;
/*!40111 SET @OLD_SQL_NOTES=@@SQL_NOTES, SQL_NOTES=0 */;

--
-- Table structure for table `bookings`
--

DROP TABLE IF EXISTS `bookings`;
/*!40101 SET @saved_cs_client     = @@character_set_client */;
/*!50503 SET character_set_client = utf8mb4 */;
CREATE TABLE `bookings` (
  `BookingID` int NOT NULL AUTO_INCREMENT,
  `BookingDate` date NOT NULL,
  `TableNumber` int NOT NULL,
  `CustomerID` int NOT NULL,
  `StaffID` int DEFAULT NULL,
  PRIMARY KEY (`BookingID`),
  KEY `CustomerID_idx` (`CustomerID`),
  KEY `StaffID_idx` (`StaffID`),
  CONSTRAINT `CustomerID` FOREIGN KEY (`CustomerID`) REFERENCES `customers` (`CustomerID`) ON DELETE CASCADE ON UPDATE CASCADE,
  CONSTRAINT `StaffID` FOREIGN KEY (`StaffID`) REFERENCES `staff` (`StaffID`) ON DELETE CASCADE ON UPDATE CASCADE
) ENGINE=InnoDB AUTO_INCREMENT=5 DEFAULT CHARSET=utf8mb3;
/*!40101 SET character_set_client = @saved_cs_client */;

--
-- Dumping data for table `bookings`
--

LOCK TABLES `bookings` WRITE;
/*!40000 ALTER TABLE `bookings` DISABLE KEYS */;
INSERT INTO `bookings` VALUES (1,'2022-10-10',5,1,3),(2,'2022-11-12',3,3,4),(3,'2022-10-11',2,2,1),(4,'2022-10-13',2,1,2);
/*!40000 ALTER TABLE `bookings` ENABLE KEYS */;
UNLOCK TABLES;

--
-- Table structure for table `customers`
--

DROP TABLE IF EXISTS `customers`;
/*!40101 SET @saved_cs_client     = @@character_set_client */;
/*!50503 SET character_set_client = utf8mb4 */;
CREATE TABLE `customers` (
  `CustomerID` int NOT NULL AUTO_INCREMENT,
  `FirstName` varchar(255) NOT NULL,
  `LastName` varchar(255) NOT NULL,
  `PhoneNumber` varchar(20) DEFAULT NULL,
  PRIMARY KEY (`CustomerID`)
) ENGINE=InnoDB AUTO_INCREMENT=5 DEFAULT CHARSET=utf8mb3;
/*!40101 SET character_set_client = @saved_cs_client */;

--
-- Dumping data for table `customers`
--

LOCK TABLES `customers` WRITE;
/*!40000 ALTER TABLE `customers` DISABLE KEYS */;
INSERT INTO `customers` VALUES (1,'John','Doe','123456789'),(2,'Jane','Smith','987654321'),(3,'Alice','Johnson','555555555'),(4,'Bob','Brown','111222333');
/*!40000 ALTER TABLE `customers` ENABLE KEYS */;
UNLOCK TABLES;

--
-- Table structure for table `menu`
--

DROP TABLE IF EXISTS `menu`;
/*!40101 SET @saved_cs_client     = @@character_set_client */;
/*!50503 SET character_set_client = utf8mb4 */;
CREATE TABLE `menu` (
  `MenuID` int NOT NULL AUTO_INCREMENT,
  `Cuisine` varchar(255) NOT NULL,
  `MenuName` varchar(255) NOT NULL,
  `MenuItemsID` int NOT NULL,
  PRIMARY KEY (`MenuID`),
  UNIQUE KEY `MenuItemsID_UNIQUE` (`MenuItemsID`),
  CONSTRAINT `MenuItemsID` FOREIGN KEY (`MenuItemsID`) REFERENCES `menuitems` (`MenuItemsID`) ON DELETE CASCADE ON UPDATE CASCADE
) ENGINE=InnoDB AUTO_INCREMENT=5 DEFAULT CHARSET=utf8mb3;
/*!40101 SET character_set_client = @saved_cs_client */;

--
-- Dumping data for table `menu`
--

LOCK TABLES `menu` WRITE;
/*!40000 ALTER TABLE `menu` DISABLE KEYS */;
INSERT INTO `menu` VALUES (1,'Italian','Italian Delight',1),(2,'Grill','Grill Special',2),(3,'Fast Food','Pizza Combo',3),(4,'Seafood','Ocean Fresh',4);
/*!40000 ALTER TABLE `menu` ENABLE KEYS */;
UNLOCK TABLES;

--
-- Table structure for table `menuitems`
--

DROP TABLE IF EXISTS `menuitems`;
/*!40101 SET @saved_cs_client     = @@character_set_client */;
/*!50503 SET character_set_client = utf8mb4 */;
CREATE TABLE `menuitems` (
  `MenuItemsID` int NOT NULL AUTO_INCREMENT,
  `Courses` varchar(255) NOT NULL,
  `Starters` varchar(255) NOT NULL,
  `Drinks` varchar(255) NOT NULL,
  `Desserts` varchar(255) NOT NULL,
  PRIMARY KEY (`MenuItemsID`)
) ENGINE=InnoDB AUTO_INCREMENT=5 DEFAULT CHARSET=utf8mb3;
/*!40101 SET character_set_client = @saved_cs_client */;

--
-- Dumping data for table `menuitems`
--

LOCK TABLES `menuitems` WRITE;
/*!40000 ALTER TABLE `menuitems` DISABLE KEYS */;
INSERT INTO `menuitems` VALUES (1,'Pasta','Bruschetta','Wine','Tiramisu'),(2,'Steak','Salad','Beer','Cheesecake'),(3,'Pizza','Garlic Bread','Soda','Gelato'),(4,'Fish','Soup','Water','Fruit Salad');
/*!40000 ALTER TABLE `menuitems` ENABLE KEYS */;
UNLOCK TABLES;

--
-- Table structure for table `orders`
--

DROP TABLE IF EXISTS `orders`;
/*!40101 SET @saved_cs_client     = @@character_set_client */;
/*!50503 SET character_set_client = utf8mb4 */;
CREATE TABLE `orders` (
  `OrderID` int NOT NULL AUTO_INCREMENT,
  `OrderDate` date NOT NULL,
  `Quantity` int NOT NULL,
  `TotalCost` decimal(10,0) NOT NULL,
  `MenuID` int NOT NULL,
  `BookingID` int NOT NULL,
  PRIMARY KEY (`OrderID`),
  KEY `MenuID_idx` (`MenuID`),
  KEY `BookingID_idx` (`BookingID`),
  CONSTRAINT `BookingID` FOREIGN KEY (`BookingID`) REFERENCES `bookings` (`BookingID`) ON DELETE CASCADE ON UPDATE CASCADE,
  CONSTRAINT `MenuID` FOREIGN KEY (`MenuID`) REFERENCES `menu` (`MenuID`) ON DELETE CASCADE ON UPDATE CASCADE
) ENGINE=InnoDB AUTO_INCREMENT=7 DEFAULT CHARSET=utf8mb3;
/*!40101 SET character_set_client = @saved_cs_client */;

--
-- Dumping data for table `orders`
--

LOCK TABLES `orders` WRITE;
/*!40000 ALTER TABLE `orders` DISABLE KEYS */;
INSERT INTO `orders` VALUES (1,'2022-10-10',2,50,1,1),(2,'2022-11-12',3,75,2,2),(3,'2022-10-11',1,25,3,3),(4,'2022-10-13',4,100,4,4);
/*!40000 ALTER TABLE `orders` ENABLE KEYS */;
UNLOCK TABLES;

--
-- Table structure for table `orderstatus`
--

DROP TABLE IF EXISTS `orderstatus`;
/*!40101 SET @saved_cs_client     = @@character_set_client */;
/*!50503 SET character_set_client = utf8mb4 */;
CREATE TABLE `orderstatus` (
  `StatusID` int NOT NULL AUTO_INCREMENT,
  `DeliveryDate` date NOT NULL,
  `Status` varchar(255) NOT NULL,
  `OrderID` int NOT NULL,
  PRIMARY KEY (`StatusID`),
  UNIQUE KEY `OrderID_UNIQUE` (`OrderID`),
  CONSTRAINT `OrderID` FOREIGN KEY (`OrderID`) REFERENCES `orders` (`OrderID`) ON DELETE CASCADE ON UPDATE CASCADE
) ENGINE=InnoDB AUTO_INCREMENT=6 DEFAULT CHARSET=utf8mb3;
/*!40101 SET character_set_client = @saved_cs_client */;

--
-- Dumping data for table `orderstatus`
--

LOCK TABLES `orderstatus` WRITE;
/*!40000 ALTER TABLE `orderstatus` DISABLE KEYS */;
INSERT INTO `orderstatus` VALUES (1,'2022-10-10','Delivered',1),(2,'2022-11-12','In Progress',2),(3,'2022-10-11','Delivered',3),(4,'2022-10-13','Cancelled',4);
/*!40000 ALTER TABLE `orderstatus` ENABLE KEYS */;
UNLOCK TABLES;

--
-- Temporary view structure for view `ordersview`
--

DROP TABLE IF EXISTS `ordersview`;
/*!50001 DROP VIEW IF EXISTS `ordersview`*/;
SET @saved_cs_client     = @@character_set_client;
/*!50503 SET character_set_client = utf8mb4 */;
/*!50001 CREATE VIEW `ordersview` AS SELECT 
 1 AS `OrderID`,
 1 AS `Quantity`,
 1 AS `TotalCost`*/;
SET character_set_client = @saved_cs_client;

--
-- Table structure for table `staff`
--

DROP TABLE IF EXISTS `staff`;
/*!40101 SET @saved_cs_client     = @@character_set_client */;
/*!50503 SET character_set_client = utf8mb4 */;
CREATE TABLE `staff` (
  `StaffID` int NOT NULL AUTO_INCREMENT,
  `FirstName` varchar(255) NOT NULL,
  `LastName` varchar(255) NOT NULL,
  `Role` varchar(255) NOT NULL,
  `Salary` decimal(10,0) NOT NULL,
  PRIMARY KEY (`StaffID`)
) ENGINE=InnoDB AUTO_INCREMENT=5 DEFAULT CHARSET=utf8mb3;
/*!40101 SET character_set_client = @saved_cs_client */;

--
-- Dumping data for table `staff`
--

LOCK TABLES `staff` WRITE;
/*!40000 ALTER TABLE `staff` DISABLE KEYS */;
INSERT INTO `staff` VALUES (1,'Carlos','Gomez','Waiter',25000),(2,'Laura','Fernandez','Manager',40000),(3,'Miguel','Lopez','Chef',35000),(4,'Ana','Sanchez','Waiter',26000);
/*!40000 ALTER TABLE `staff` ENABLE KEYS */;
UNLOCK TABLES;

--
-- Final view structure for view `ordersview`
--

/*!50001 DROP VIEW IF EXISTS `ordersview`*/;
/*!50001 SET @saved_cs_client          = @@character_set_client */;
/*!50001 SET @saved_cs_results         = @@character_set_results */;
/*!50001 SET @saved_col_connection     = @@collation_connection */;
/*!50001 SET character_set_client      = utf8mb4 */;
/*!50001 SET character_set_results     = utf8mb4 */;
/*!50001 SET collation_connection      = utf8mb4_0900_ai_ci */;
/*!50001 CREATE ALGORITHM=UNDEFINED */
/*!50013 DEFINER=`dmh`@`localhost` SQL SECURITY DEFINER */
/*!50001 VIEW `ordersview` AS select `orders`.`OrderID` AS `OrderID`,`orders`.`Quantity` AS `Quantity`,`orders`.`TotalCost` AS `TotalCost` from `orders` where (`orders`.`Quantity` > 2) */;
/*!50001 SET character_set_client      = @saved_cs_client */;
/*!50001 SET character_set_results     = @saved_cs_results */;
/*!50001 SET collation_connection      = @saved_col_connection */;
/*!40103 SET TIME_ZONE=@OLD_TIME_ZONE */;

/*!40101 SET SQL_MODE=@OLD_SQL_MODE */;
/*!40014 SET FOREIGN_KEY_CHECKS=@OLD_FOREIGN_KEY_CHECKS */;
/*!40014 SET UNIQUE_CHECKS=@OLD_UNIQUE_CHECKS */;
/*!40101 SET CHARACTER_SET_CLIENT=@OLD_CHARACTER_SET_CLIENT */;
/*!40101 SET CHARACTER_SET_RESULTS=@OLD_CHARACTER_SET_RESULTS */;
/*!40101 SET COLLATION_CONNECTION=@OLD_COLLATION_CONNECTION */;
/*!40111 SET SQL_NOTES=@OLD_SQL_NOTES */;

-- Dump completed on 2025-06-27 17:41:48
